{
    "brutoProstornina": 672,
    "povrsinaOvoja": 680,
    "ogrevanaPovrsina": 160,
    "transparentnaPovrsina": 29.19,
    "X_Htr": 1,
    "X_Hnd": 1,
    "Y_Hnd": 1.2,
    "faktorOblike": 1.012,
    "razmerjeTranspCelota": 0.042926470588235295,
    "specTransmisijskeIzgube": 143.8765034039049,
    "specVentilacijskeIzgube": 8.184,
    "skupnaEnergijaOgrevanje": 4663.129763627288,
    "skupnaEnergijaHlajenje": 66.29705499468014,
    "skupnaPotrebaTSV": 1345.2483799999998,
    "skupnaEnergijaNavlazevanje": 0,
    "skupnaEnergijaRazvlazevanje": 0,
    "skupnaPotrebaRazsvetljava": 1237.5009981369863,
    "specKoeficientTransmisijskihIzgub": 0.21158309324103663,
    "specLetnaToplota": 29.14456102267055,
    "specLetniHlad": 0.4143565937167509,
    "dovoljenaSpecLetnaToplota": 25,
    "dovoljenSpecKoeficientTransmisijskihIzgub": 0.3262248338564675
}